LethalPilot,532
IceKing12323,429
JJ22FTW,428
Jamez10,392
CluelessGamer18,388
bpm2007,322
Labmonjo1210,298
Abach6,285
humilau,280
BeanGangTingle,278
LlamaBoombama,252
sapphronn,252
KirynMissy,233
SuperToad916,228
Hunter13004,224
LightningLucario,218
Astral_Jade,196
NautilusReign,182
lgmusicfan,182
asher_06,140
1800getpoop,121
josie_elite,89
SpaghettiGremlin,89
cowDude12345,84
SerRonanIrwin,84
Pretty_,70
PugBeans,56
Kyzr_,56
iicbunny,56
Basyleasjkresdjyll,49
QuinnQuimby,42
tenparks,42
ronescape,21
lurchlurger,0
lgmusic,0
,-1
,-1
,-1
,-1
,-1
,-1
,-1
,-1
,-1
,-1
,-1
,-1
,-1
TVTrickster,-1
bhearts,-1
