humilau,490
bpm2007,455
lgmusicfan,364
LlamaBoombama,350
LethalPilot,350
KirynMissy,327
BeanGangTingle,289
Jamez10,289
CluelessGamer18,289
TVTrickster,280
Astral_Jade,280
Labmonjo1210,280
SuperToad916,254
Abach6,222
asher_06,210
lgmusic,210
cowDude12345,210
iicbunny,210
IceKing12323,190
josie_elite,187
LightningLucario,187
Hunter13004,175
JJ22FTW,158
bhearts,140
Basyleasjkresdjyll,140
SpaghettiGremlin,140
SerRonanIrwin,140
ronescape,117
NautilusReign,105
Pretty_,70
sapphronn,70
tenparks,70
Kyzr_,70
QuinnQuimby,35
1800getpoop,23
PugBeans,0
lurchlurger,0
,-1
,-1
,-1
,-1
,-1
,-1
,-1
,-1
,-1
,-1
,-1
,-1
,-1
