SuperToad916,491
IceKing12323,470
CluelessGamer18,412
Abach6,406
JJ22FTW,391
LethalPilot,389
Basyleasjkresdjyll,318
Jamez10,308
lgmusicfan,278
KirynMissy,256
LightningLucario,247
bpm2007,244
sapphronn,242
Labmonjo1210,241
BeanGangTingle,231
Pretty_,220
humilau,220
SerRonanIrwin,203
josie_elite,167
TVTrickster,166
ronescape,139
asher_06,137
LlamaBoombama,96
PugBeans,72
QuinnQuimby,72
bhearts,64
Hunter13004,56
SpaghettiGremlin,48
NautilusReign,32
tenparks,8
,-1
,-1
,-1
,-1
,-1
,-1
,-1
,-1
,-1
,-1
,-1
,-1
,-1
lurchlurger,-1
lgmusic,-1
Astral_Jade,-1
cowDude12345,-1
Kyzr_,-1
iicbunny,-1
1800getpoop,-1
